game_id,game_date,season,home_team_id,away_team_id,home_score,away_score
1,2024-10-22,2024-25,1610612738,1610612752,132,109
2,2024-10-22,2024-25,1610612747,1610612750,110,103
3,2024-10-23,2024-25,1610612757,1610612744,104,140
4,2024-10-23,2024-25,1610612745,1610612766,105,110
5,2024-10-23,2024-25,1610612746,1610612756,113,116
6,2024-10-23,2024-25,1610612748,1610612753,97,116
7,2024-10-23,2024-25,1610612762,1610612763,124,126
8,2024-10-23,2024-25,1610612765,1610612754,109,115
9,2024-10-23,2024-25,1610612737,1610612751,120,116
10,2024-10-23,2024-25,1610612761,1610612739,106,136
11,2024-10-23,2024-25,1610612740,1610612741,123,111
12,2024-10-23,2024-25,1610612755,1610612749,109,124
13,2024-10-24,2024-25,1610612743,1610612760,87,102
14,2024-10-24,2024-25,1610612764,1610612738,102,122
15,2024-10-24,2024-25,1610612742,1610612759,120,109
16,2024-10-24,2024-25,1610612758,1610612750,115,117
17,2024-10-25,2024-25,1610612737,1610612766,125,120
18,2024-10-25,2024-25,1610612757,1610612740,103,105
19,2024-10-25,2024-25,1610612762,1610612744,86,127
20,2024-10-25,2024-25,1610612745,1610612763,128,108
21,2024-10-25,2024-25,1610612753,1610612751,116,101
22,2024-10-25,2024-25,1610612752,1610612754,123,98
23,2024-10-25,2024-25,1610612761,1610612755,115,107
24,2024-10-25,2024-25,1610612747,1610612756,123,116
25,2024-10-25,2024-25,1610612739,1610612765,113,101
26,2024-10-25,2024-25,1610612749,1610612741,122,133
27,2024-10-26,2024-25,1610612765,1610612738,118,124
28,2024-10-26,2024-25,1610612741,1610612760,95,114
29,2024-10-26,2024-25,1610612759,1610612745,109,106
30,2024-10-26,2024-25,1610612743,1610612746,104,109
31,2024-10-26,2024-25,1610612747,1610612758,131,127
32,2024-10-26,2024-25,1610612756,1610612742,114,102
33,2024-10-26,2024-25,1610612750,1610612761,112,101
34,2024-10-26,2024-25,1610612763,1610612753,124,111
35,2024-10-26,2024-25,1610612764,1610612739,116,135
36,2024-10-26,2024-25,1610612766,1610612748,106,114
37,2024-10-27,2024-25,1610612757,1610612740,125,103
38,2024-10-27,2024-25,1610612751,1610612749,115,102
39,2024-10-27,2024-25,1610612754,1610612755,114,118
40,2024-10-27,2024-25,1610612760,1610612737,128,104
41,2024-10-27,2024-25,1610612744,1610612746,104,112
42,2024-10-28,2024-25,1610612738,1610612749,119,108
43,2024-10-28,2024-25,1610612752,1610612739,104,110
44,2024-10-28,2024-25,1610612763,1610612741,123,126
45,2024-10-28,2024-25,1610612756,1610612747,109,105
46,2024-10-28,2024-25,1610612753,1610612754,119,115
47,2024-10-28,2024-25,1610612758,1610612757,111,98
48,2024-10-28,2024-25,1610612759,1610612745,101,106
49,2024-10-28,2024-25,1610612742,1610612762,110,102
50,2024-10-28,2024-25,1610612737,1610612764,119,121
51,2024-10-28,2024-25,1610612761,1610612743,125,127
52,2024-10-28,2024-25,1610612748,1610612765,106,98
53,2024-10-29,2024-25,1610612744,1610612740,124,106
54,2024-10-29,2024-25,1610612750,1610612742,114,120
55,2024-10-29,2024-25,1610612751,1610612743,139,144
56,2024-10-29,2024-25,1610612762,1610612758,96,113
57,2024-10-30,2024-25,1610612764,1610612737,133,120
58,2024-10-30,2024-25,1610612741,1610612753,102,99
59,2024-10-30,2024-25,1610612739,1610612747,134,110
60,2024-10-30,2024-25,1610612748,1610612752,107,116
61,2024-10-30,2024-25,1610612754,1610612738,135,132
62,2024-10-30,2024-25,1610612760,1610612759,105,93
63,2024-10-30,2024-25,1610612755,1610612765,95,105
64,2024-10-30,2024-25,1610612744,1610612740,104,89
65,2024-10-30,2024-25,1610612746,1610612757,105,106
66,2024-10-30,2024-25,1610612763,1610612751,106,119
67,2024-10-30,2024-25,1610612766,1610612761,138,133
68,2024-10-31,2024-25,1610612742,1610612745,102,108
69,2024-10-31,2024-25,1610612746,1610612756,119,125
70,2024-10-31,2024-25,1610612762,1610612759,88,106
71,2024-10-31,2024-25,1610612763,1610612749,122,99
72,2024-11-01,2024-25,1610612737,1610612758,115,123
73,2024-11-01,2024-25,1610612750,1610612743,119,116
74,2024-11-01,2024-25,1610612751,1610612741,120,112
75,2024-11-01,2024-25,1610612765,1610612752,98,128
76,2024-11-01,2024-25,1610612757,1610612760,114,137
77,2024-11-01,2024-25,1610612766,1610612738,109,124
78,2024-11-01,2024-25,1610612739,1610612753,120,109
79,2024-11-01,2024-25,1610612740,1610612754,125,118
80,2024-11-01,2024-25,1610612761,1610612747,125,131
81,2024-11-02,2024-25,1610612766,1610612738,103,113
82,2024-11-02,2024-25,1610612746,1610612760,92,105
84,2024-11-02,2024-25,1610612755,1610612763,107,124
85,2024-11-02,2024-25,1610612756,1610612757,103,97
86,2024-11-02,2024-25,1610612761,1610612758,131,128
87,2024-11-02,2024-25,1610612749,1610612739,113,114
88,2024-11-02,2024-25,1610612745,1610612744,121,127
89,2024-11-02,2024-25,1610612759,1610612750,113,103
90,2024-11-02,2024-25,1610612743,1610612762,129,103
91,2024-11-03,2024-25,1610612742,1610612753,108,85
92,2024-11-03,2024-25,1610612740,1610612737,111,126
93,2024-11-03,2024-25,1610612751,1610612765,92,106
94,2024-11-04,2024-25,1610612737,1610612738,93,123
95,2024-11-04,2024-25,1610612740,1610612757,100,118
96,2024-11-04,2024-25,1610612765,1610612747,115,103
97,2024-11-04,2024-25,1610612748,1610612758,110,111
98,2024-11-04,2024-25,1610612739,1610612749,116,114
99,2024-11-04,2024-25,1610612760,1610612753,102,86
100,2024-11-04,2024-25,1610612756,1610612755,118,116
101,2024-11-04,2024-25,1610612746,1610612759,113,104
102,2024-11-04,2024-25,1610612741,1610612762,126,135
103,2024-11-04,2024-25,1610612743,1610612761,121,119
104,2024-11-04,2024-25,1610612764,1610612744,112,125
105,2024-11-04,2024-25,1610612745,1610612752,109,97
106,2024-11-04,2024-25,1610612750,1610612766,114,93
107,2024-11-04,2024-25,1610612751,1610612763,106,104
108,2024-11-04,2024-25,1610612742,1610612754,127,134
109,2024-11-06,2024-25,1610612738,1610612744,112,118
110,2024-11-06,2024-25,1610612740,1610612739,122,131
111,2024-11-06,2024-25,1610612742,1610612741,119,99
112,2024-11-06,2024-25,1610612745,1610612759,127,100
113,2024-11-06,2024-25,1610612763,1610612747,131,114
114,2024-11-06,2024-25,1610612754,1610612753,118,111
115,2024-11-06,2024-25,1610612746,1610612755,110,98
116,2024-11-06,2024-25,1610612756,1610612748,115,112
117,2024-11-06,2024-25,1610612743,1610612760,124,122
118,2024-11-06,2024-25,1610612758,1610612761,122,107
119,2024-11-06,2024-25,1610612766,1610612765,108,107
120,2024-11-06,2024-25,1610612737,1610612752,121,116
121,2024-11-07,2024-25,1610612749,1610612762,123,100
122,2024-11-07,2024-25,1610612741,1610612750,119,135
123,2024-11-07,2024-25,1610612759,1610612757,118,105
124,2024-11-08,2024-25,1610612765,1610612737,122,121
125,2024-11-08,2024-25,1610612742,1610612756,113,114
126,2024-11-08,2024-25,1610612743,1610612748,135,122
127,2024-11-08,2024-25,1610612739,1610612744,136,117
128,2024-11-08,2024-25,1610612758,1610612746,98,107
129,2024-11-08,2024-25,1610612750,1610612757,127,102
130,2024-11-08,2024-25,1610612738,1610612751,108,104
131,2024-11-08,2024-25,1610612753,1610612740,115,88
132,2024-11-08,2024-25,1610612760,1610612745,126,107
133,2024-11-08,2024-25,1610612763,1610612764,128,104
134,2024-11-08,2024-25,1610612766,1610612754,103,83
135,2024-11-08,2024-25,1610612747,1610612755,116,106
136,2024-11-08,2024-25,1610612752,1610612749,116,94
137,2024-11-09,2024-25,1610612737,1610612741,113,125
138,2024-11-09,2024-25,1610612739,1610612751,105,100
139,2024-11-09,2024-25,1610612746,1610612761,105,103
140,2024-11-09,2024-25,1610612759,1610612762,110,111
141,2024-11-10,2024-25,1610612743,1610612742,122,120
142,2024-11-10,2024-25,1610612760,1610612744,116,127
143,2024-11-10,2024-25,1610612750,1610612748,94,95
144,2024-11-10,2024-25,1610612749,1610612738,107,113
145,2024-11-10,2024-25,1610612753,1610612764,121,94
146,2024-11-10,2024-25,1610612757,1610612763,89,134
147,2024-11-10,2024-25,1610612756,1610612758,118,127
148,2024-11-10,2024-25,1610612765,1610612745,99,101
149,2024-11-10,2024-25,1610612747,1610612761,123,103
150,2024-11-10,2024-25,1610612754,1610612752,132,121
151,2024-11-10,2024-25,1610612755,1610612766,107,105
152,2024-11-11,2024-25,1610612741,1610612739,113,119
153,2024-11-11,2024-25,1610612740,1610612751,105,107
154,2024-11-11,2024-25,1610612760,1610612746,134,128
155,2024-11-11,2024-25,1610612759,1610612758,116,96
156,2024-11-11,2024-25,1610612745,1610612764,107,92
157,2024-11-12,2024-25,1610612744,1610612742,120,117
158,2024-11-12,2024-25,1610612765,1610612748,123,121
159,2024-11-12,2024-25,1610612749,1610612761,99,85
160,2024-11-12,2024-25,1610612757,1610612750,122,108
161,2024-11-12,2024-25,1610612753,1610612766,114,89
162,2024-11-12,2024-25,1610612755,1610612752,99,111
163,2024-11-12,2024-25,1610612762,1610612756,112,120
164,2024-11-12,2024-25,1610612738,1610612737,116,117
165,2024-11-13,2024-25,1610612751,1610612738,114,139
166,2024-11-13,2024-25,1610612755,1610612739,106,114
167,2024-11-13,2024-25,1610612752,1610612741,123,124
168,2024-11-13,2024-25,1610612745,1610612746,111,103
169,2024-11-13,2024-25,1610612753,1610612754,94,90
170,2024-11-13,2024-25,1610612747,1610612763,128,123
171,2024-11-13,2024-25,1610612749,1610612765,127,120
172,2024-11-13,2024-25,1610612760,1610612740,106,88
173,2024-11-13,2024-25,1610612757,1610612750,106,98
174,2024-11-13,2024-25,1610612758,1610612756,127,104
175,2024-11-13,2024-25,1610612759,1610612764,139,130
176,2024-11-14,2024-25,1610612762,1610612742,115,113
177,2024-11-15,2024-25,1610612739,1610612741,144,126
178,2024-11-15,2024-25,1610612740,1610612743,101,94
179,2024-11-15,2024-25,1610612745,1610612746,125,104
180,2024-11-15,2024-25,1610612754,1610612748,111,124
181,2024-11-15,2024-25,1610612752,1610612751,124,122
182,2024-11-15,2024-25,1610612759,1610612747,115,120
183,2024-11-15,2024-25,1610612760,1610612756,99,83
184,2024-11-15,2024-25,1610612744,1610612763,123,118
185,2024-11-15,2024-25,1610612761,1610612765,95,99
186,2024-11-15,2024-25,1610612737,1610612764,129,117
187,2024-11-15,2024-25,1610612758,1610612750,126,130
188,2024-11-15,2024-25,1610612753,1610612755,98,86
189,2024-11-16,2024-25,1610612738,1610612761,126,123
190,2024-11-16,2024-25,1610612740,1610612747,99,104
191,2024-11-16,2024-25,1610612742,1610612759,110,93
192,2024-11-16,2024-25,1610612758,1610612762,121,117
193,2024-11-16,2024-25,1610612766,1610612749,115,114
194,2024-11-17,2024-25,1610612739,1610612766,128,114
195,2024-11-17,2024-25,1610612760,1610612742,119,121
196,2024-11-17,2024-25,1610612763,1610612743,105,90
197,2024-11-17,2024-25,1610612741,1610612745,107,143
198,2024-11-17,2024-25,1610612746,1610612762,116,105
199,2024-11-17,2024-25,1610612752,1610612751,114,104
200,2024-11-17,2024-25,1610612750,1610612756,120,117
201,2024-11-17,2024-25,1610612764,1610612765,104,124
202,2024-11-17,2024-25,1610612757,1610612737,114,110
203,2024-11-17,2024-25,1610612754,1610612748,119,110
204,2024-11-18,2024-25,1610612765,1610612741,112,122
205,2024-11-18,2024-25,1610612749,1610612745,101,100
206,2024-11-18,2024-25,1610612752,1610612764,134,106
207,2024-11-18,2024-25,1610612756,1610612753,99,109
208,2024-11-18,2024-25,1610612758,1610612737,108,109
209,2024-11-18,2024-25,1610612746,1610612744,102,99
210,2024-11-18,2024-25,1610612761,1610612754,130,119
211,2024-11-18,2024-25,1610612748,1610612755,106,89
212,2024-11-19,2024-25,1610612738,1610612739,120,117
213,2024-11-19,2024-25,1610612742,1610612740,132,91
214,2024-11-19,2024-25,1610612759,1610612760,110,104
215,2024-11-19,2024-25,1610612763,1610612743,110,122
216,2024-11-19,2024-25,1610612751,1610612766,116,115
217,2024-11-19,2024-25,1610612747,1610612762,124,118
218,2024-11-20,2024-25,1610612739,1610612740,128,100
219,2024-11-20,2024-25,1610612749,1610612741,122,106
220,2024-11-20,2024-25,1610612744,1610612737,120,97
221,2024-11-20,2024-25,1610612746,1610612753,104,93
222,2024-11-20,2024-25,1610612756,1610612752,122,138
223,2024-11-20,2024-25,1610612745,1610612754,130,113
224,2024-11-20,2024-25,1610612760,1610612757,109,99
225,2024-11-20,2024-25,1610612763,1610612755,117,111
226,2024-11-21,2024-25,1610612761,1610612750,110,105
227,2024-11-21,2024-25,1610612747,1610612753,118,119
228,2024-11-21,2024-25,1610612759,1610612762,126,118
229,2024-11-21,2024-25,1610612766,1610612765,123,121
230,2024-11-22,2024-25,1610612764,1610612738,96,108
231,2024-11-22,2024-25,1610612740,1610612744,108,112
232,2024-11-22,2024-25,1610612743,1610612742,120,123
233,2024-11-22,2024-25,1610612745,1610612757,116,88
234,2024-11-22,2024-25,1610612749,1610612754,129,117
235,2024-11-22,2024-25,1610612746,1610612758,104,88
236,2024-11-22,2024-25,1610612741,1610612737,136,122
237,2024-11-22,2024-25,1610612755,1610612751,113,98
238,2024-11-23,2024-25,1610612745,1610612757,98,104
239,2024-11-23,2024-25,1610612747,1610612743,102,127
240,2024-11-23,2024-25,1610612749,1610612766,125,119
241,2024-11-23,2024-25,1610612753,1610612765,111,100
242,2024-11-23,2024-25,1610612741,1610612763,131,142
243,2024-11-23,2024-25,1610612759,1610612744,104,94
244,2024-11-23,2024-25,1610612762,1610612752,121,106
245,2024-11-24,2024-25,1610612739,1610612761,122,108
246,2024-11-24,2024-25,1610612748,1610612742,123,118
247,2024-11-24,2024-25,1610612755,1610612746,99,125
248,2024-11-24,2024-25,1610612738,1610612750,107,105
249,2024-11-24,2024-25,1610612758,1610612751,103,108
250,2024-11-24,2024-25,1610612754,1610612764,115,103
251,2024-11-25,2024-25,1610612737,1610612742,119,129
252,2024-11-25,2024-25,1610612738,1610612746,126,94
253,2024-11-25,2024-25,1610612743,1610612752,118,145
254,2024-11-25,2024-25,1610612758,1610612760,109,130
255,2024-11-25,2024-25,1610612765,1610612761,102,100
256,2024-11-25,2024-25,1610612766,1610612753,84,95
257,2024-11-25,2024-25,1610612754,1610612740,114,110
258,2024-11-25,2024-25,1610612744,1610612751,120,128
259,2024-11-25,2024-25,1610612763,1610612757,123,98
260,2024-11-26,2024-25,1610612750,1610612745,111,117
261,2024-11-26,2024-25,1610612748,1610612749,103,106
262,2024-11-26,2024-25,1610612764,1610612741,108,127
263,2024-11-26,2024-25,1610612756,1610612747,127,100
264,2024-11-26,2024-25,1610612762,1610612759,115,128
265,2024-11-27,2024-25,1610612739,1610612737,124,135
266,2024-11-27,2024-25,1610612742,1610612752,129,114
267,2024-11-27,2024-25,1610612764,1610612746,96,121
268,2024-11-27,2024-25,1610612759,1610612747,101,119
269,2024-11-27,2024-25,1610612750,1610612758,104,115
270,2024-11-27,2024-25,1610612756,1610612751,117,127
271,2024-11-27,2024-25,1610612753,1610612741,133,119
272,2024-11-27,2024-25,1610612754,1610612757,121,114
273,2024-11-27,2024-25,1610612740,1610612761,93,119
274,2024-11-27,2024-25,1610612763,1610612765,131,111
275,2024-11-27,2024-25,1610612766,1610612748,94,98
276,2024-11-27,2024-25,1610612762,1610612743,103,122
277,2024-11-27,2024-25,1610612744,1610612760,101,105
278,2024-11-27,2024-25,1610612755,1610612745,115,122
279,2024-11-29,2024-25,1610612737,1610612739,117,101
280,2024-11-29,2024-25,1610612741,1610612738,129,138
281,2024-11-29,2024-25,1610612747,1610612760,93,101
282,2024-11-29,2024-25,1610612750,1610612746,93,92
283,2024-11-29,2024-25,1610612751,1610612753,100,123
284,2024-11-29,2024-25,1610612754,1610612765,106,130
285,2024-11-29,2024-25,1610612748,1610612761,121,111
286,2024-11-29,2024-25,1610612763,1610612740,120,109
287,2024-11-29,2024-25,1610612766,1610612752,98,99
288,2024-11-29,2024-25,1610612757,1610612758,115,106
289,2024-11-30,2024-25,1610612762,1610612742,94,106
290,2024-11-30,2024-25,1610612765,1610612755,96,111
291,2024-11-30,2024-25,1610612756,1610612744,113,105
292,2024-11-30,2024-25,1610612766,1610612737,104,107
293,2024-11-30,2024-25,1610612749,1610612764,124,114
294,2024-12-01,2024-25,1610612752,1610612740,118,85
295,2024-12-01,2024-25,1610612746,1610612743,126,122
296,2024-12-01,2024-25,1610612745,1610612760,119,116
297,2024-12-01,2024-25,1610612762,1610612747,104,105
298,2024-12-01,2024-25,1610612761,1610612748,119,116
299,2024-12-01,2024-25,1610612751,1610612753,92,100
300,2024-12-01,2024-25,1610612757,1610612742,131,137
301,2024-12-01,2024-25,1610612763,1610612754,136,121
302,2024-12-01,2024-25,1610612739,1610612738,115,111
303,2024-12-01,2024-25,1610612758,1610612759,125,127
304,2024-12-02,2024-25,1610612737,1610612740,124,112
305,2024-12-02,2024-25,1610612741,1610612751,128,102
306,2024-12-02,2024-25,1610612738,1610612748,108,89
307,2024-12-02,2024-25,1610612750,1610612747,109,80
308,2024-12-03,2024-25,1610612739,1610612764,118,87
309,2024-12-03,2024-25,1610612743,1610612744,119,115
310,2024-12-03,2024-25,1610612765,1610612749,107,128
311,2024-12-03,2024-25,1610612752,1610612753,121,106
312,2024-12-03,2024-25,1610612761,1610612754,122,111
313,2024-12-03,2024-25,1610612766,1610612755,104,110
314,2024-12-03,2024-25,1610612746,1610612757,127,105
315,2024-12-03,2024-25,1610612756,1610612759,104,93
316,2024-12-03,2024-25,1610612742,1610612763,121,116
317,2024-12-03,2024-25,1610612758,1610612745,120,111
318,2024-12-03,2024-25,1610612760,1610612762,133,106
319,2024-12-04,2024-25,1610612738,1610612765,130,120
320,2024-12-04,2024-25,1610612746,1610612750,80,108
321,2024-12-04,2024-25,1610612748,1610612747,134,93
322,2024-12-04,2024-25,1610612749,1610612737,104,119
323,2024-12-04,2024-25,1610612751,1610612754,99,90
324,2024-12-04,2024-25,1610612755,1610612753,102,106
325,2024-12-05,2024-25,1610612739,1610612743,126,114
326,2024-12-05,2024-25,1610612740,1610612756,126,124
327,2024-12-05,2024-25,1610612761,1610612760,92,129
328,2024-12-05,2024-25,1610612763,1610612758,115,110
329,2024-12-05,2024-25,1610612764,1610612742,101,137
330,2024-12-05,2024-25,1610612752,1610612766,125,101
331,2024-12-05,2024-25,1610612759,1610612741,124,139
332,2024-12-05,2024-25,1610612744,1610612745,99,93
333,2024-12-06,2024-25,1610612737,1610612747,134,132
334,2024-12-06,2024-25,1610612738,1610612749,111,105
335,2024-12-06,2024-25,1610612744,1610612750,90,107
336,2024-12-06,2024-25,1610612755,1610612753,102,94
337,2024-12-06,2024-25,1610612741,1610612754,123,132
338,2024-12-06,2024-25,1610612759,1610612758,113,140
339,2024-12-06,2024-25,1610612757,1610612762,99,141
340,2024-12-07,2024-25,1610612738,1610612763,121,127
341,2024-12-07,2024-25,1610612766,1610612739,102,116
342,2024-12-07,2024-25,1610612752,1610612765,111,120
343,2024-12-07,2024-25,1610612740,1610612760,109,119
344,2024-12-07,2024-25,1610612764,1610612743,122,113
345,2024-12-07,2024-25,1610612748,1610612756,121,111
346,2024-12-07,2024-25,1610612761,1610612742,118,125
347,2024-12-08,2024-25,1610612741,1610612755,100,108
348,2024-12-08,2024-25,1610612744,1610612750,114,106
349,2024-12-08,2024-25,1610612746,1610612745,106,117
350,2024-12-08,2024-25,1610612747,1610612757,107,98
351,2024-12-08,2024-25,1610612748,1610612739,122,113
352,2024-12-08,2024-25,1610612751,1610612749,113,118
353,2024-12-08,2024-25,1610612753,1610612756,115,110
354,2024-12-08,2024-25,1610612759,1610612740,121,116
355,2024-12-08,2024-25,1610612758,1610612762,141,97
356,2024-12-08,2024-25,1610612764,1610612763,112,140
357,2024-12-08,2024-25,1610612754,1610612766,109,113
358,2024-12-08,2024-25,1610612737,1610612743,111,141
359,2024-12-09,2024-25,1610612761,1610612752,108,113
360,2024-12-10,2024-25,1610612760,1610612742,118,104
361,2024-12-10,2024-25,1610612749,1610612753,114,109
362,2024-12-11,2024-25,1610612752,1610612737,100,108
363,2024-12-11,2024-25,1610612745,1610612744,91,90
364,2024-12-12,2024-25,1610612748,1610612761,114,104
365,2024-12-12,2024-25,1610612740,1610612758,109,111
366,2024-12-12,2024-25,1610612738,1610612765,123,99
367,2024-12-13,2024-25,1610612739,1610612764,115,105
368,2024-12-13,2024-25,1610612741,1610612766,109,95
369,2024-12-13,2024-25,1610612743,1610612746,120,98
370,2024-12-13,2024-25,1610612750,1610612747,97,87
371,2024-12-13,2024-25,1610612763,1610612751,135,119
372,2024-12-13,2024-25,1610612755,1610612754,107,121
373,2024-12-13,2024-25,1610612762,1610612756,126,134
374,2024-12-13,2024-25,1610612757,1610612759,116,118
377,2024-12-15,2024-25,1610612744,1610612742,133,143
378,2024-12-15,2024-25,1610612747,1610612763,116,110
379,2024-12-15,2024-25,1610612756,1610612757,116,109
380,2024-12-15,2024-25,1610612759,1610612750,92,106
381,2024-12-15,2024-25,1610612764,1610612738,98,112
382,2024-12-15,2024-25,1610612753,1610612752,91,100
383,2024-12-15,2024-25,1610612754,1610612740,119,104
384,2024-12-16,2024-25,1610612751,1610612739,101,130
385,2024-12-16,2024-25,1610612746,1610612762,144,107
386,2024-12-16,2024-25,1610612758,1610612743,129,130
387,2024-12-16,2024-25,1610612761,1610612741,121,122
388,2024-12-16,2024-25,1610612765,1610612748,125,124
389,2024-12-16,2024-25,1610612766,1610612755,108,121
390,2024-12-19,2024-25,1610612759,1610612737,133,126
391,2024-12-19,2024-25,1610612738,1610612741,108,117
392,2024-12-19,2024-25,1610612742,1610612746,95,118
393,2024-12-19,2024-25,1610612745,1610612740,133,113
394,2024-12-19,2024-25,1610612750,1610612752,107,133
395,2024-12-19,2024-25,1610612756,1610612754,111,120
396,2024-12-19,2024-25,1610612758,1610612747,100,113
397,2024-12-19,2024-25,1610612753,1610612760,99,105
398,2024-12-19,2024-25,1610612761,1610612751,94,101
399,2024-12-19,2024-25,1610612765,1610612762,119,126
400,2024-12-19,2024-25,1610612757,1610612743,126,124
401,2024-12-19,2024-25,1610612763,1610612744,144,93
402,2024-12-19,2024-25,1610612764,1610612766,123,114
403,2024-12-20,2024-25,1610612739,1610612749,124,101
404,2024-12-20,2024-25,1610612748,1610612760,97,104
405,2024-12-20,2024-25,1610612755,1610612766,108,98
406,2024-12-21,2024-25,1610612737,1610612763,112,128
407,2024-12-21,2024-25,1610612739,1610612755,126,99
408,2024-12-21,2024-25,1610612740,1610612752,93,104
409,2024-12-21,2024-25,1610612741,1610612738,98,123
410,2024-12-21,2024-25,1610612742,1610612746,113,97
411,2024-12-21,2024-25,1610612753,1610612748,121,114
412,2024-12-21,2024-25,1610612758,1610612747,99,103
413,2024-12-21,2024-25,1610612756,1610612765,125,133
414,2024-12-21,2024-25,1610612750,1610612744,103,113
415,2024-12-21,2024-25,1610612759,1610612757,114,94
416,2024-12-21,2024-25,1610612751,1610612762,94,105
417,2024-12-21,2024-25,1610612749,1610612764,112,101
418,2024-12-22,2024-25,1610612740,1610612743,129,132
419,2024-12-22,2024-25,1610612761,1610612745,110,114
420,2024-12-22,2024-25,1610612758,1610612754,95,122
421,2024-12-23,2024-25,1610612753,1610612738,108,104
422,2024-12-23,2024-25,1610612739,1610612762,124,113
423,2024-12-23,2024-25,1610612743,1610612756,117,90
424,2024-12-23,2024-25,1610612744,1610612754,105,111
425,2024-12-23,2024-25,1610612748,1610612751,110,95
426,2024-12-23,2024-25,1610612741,1610612749,91,112
427,2024-12-23,2024-25,1610612752,1610612761,139,125
428,2024-12-23,2024-25,1610612755,1610612759,111,106
429,2024-12-23,2024-25,1610612760,1610612764,123,105
430,2024-12-23,2024-25,1610612763,1610612746,110,114
431,2024-12-23,2024-25,1610612747,1610612765,114,117
432,2024-12-23,2024-25,1610612737,1610612750,117,104
433,2024-12-23,2024-25,1610612766,1610612745,101,114
434,2024-12-23,2024-25,1610612742,1610612757,132,108
435,2024-12-25,2024-25,1610612756,1610612743,110,100
436,2024-12-25,2024-25,1610612744,1610612747,113,115
437,2024-12-25,2024-25,1610612742,1610612750,99,105
438,2024-12-25,2024-25,1610612752,1610612759,117,114
439,2024-12-25,2024-25,1610612738,1610612755,114,118
440,2024-12-26,2024-25,1610612737,1610612741,141,133
441,2024-12-26,2024-25,1610612740,1610612745,111,128
442,2024-12-26,2024-25,1610612753,1610612748,88,89
443,2024-12-26,2024-25,1610612749,1610612751,105,111
444,2024-12-26,2024-25,1610612758,1610612765,113,114
445,2024-12-26,2024-25,1610612754,1610612760,114,120
446,2024-12-26,2024-25,1610612764,1610612766,113,110
447,2024-12-26,2024-25,1610612757,1610612762,122,120
448,2024-12-26,2024-25,1610612763,1610612761,155,126
449,2024-12-27,2024-25,1610612743,1610612739,135,149
450,2024-12-27,2024-25,1610612756,1610612742,89,98
451,2024-12-27,2024-25,1610612745,1610612750,112,113
452,2024-12-27,2024-25,1610612751,1610612759,87,96
453,2024-12-27,2024-25,1610612753,1610612752,85,108
454,2024-12-27,2024-25,1610612738,1610612754,142,105
455,2024-12-27,2024-25,1610612740,1610612763,124,132
456,2024-12-27,2024-25,1610612746,1610612744,102,92
457,2024-12-28,2024-25,1610612757,1610612742,126,122
458,2024-12-28,2024-25,1610612743,1610612765,134,121
459,2024-12-28,2024-25,1610612747,1610612758,132,122
460,2024-12-28,2024-25,1610612764,1610612752,132,136
461,2024-12-28,2024-25,1610612762,1610612755,111,114
462,2024-12-28,2024-25,1610612766,1610612760,94,106
463,2024-12-28,2024-25,1610612737,1610612748,120,110
464,2024-12-28,2024-25,1610612741,1610612749,116,111
465,2024-12-28,2024-25,1610612744,1610612756,109,105
466,2024-12-29,2024-25,1610612738,1610612754,114,123
467,2024-12-29,2024-25,1610612745,1610612748,100,104
468,2024-12-29,2024-25,1610612750,1610612759,112,110
469,2024-12-29,2024-25,1610612760,1610612763,130,106
470,2024-12-29,2024-25,1610612761,1610612737,107,136
471,2024-12-29,2024-25,1610612753,1610612751,102,101
472,2024-12-30,2024-25,1610612740,1610612746,113,116
473,2024-12-30,2024-25,1610612758,1610612742,110,100
474,2024-12-30,2024-25,1610612744,1610612739,95,113
475,2024-12-30,2024-25,1610612764,1610612752,106,126
476,2024-12-30,2024-25,1610612757,1610612755,103,125
477,2024-12-30,2024-25,1610612762,1610612743,121,132
478,2024-12-30,2024-25,1610612766,1610612741,108,115
479,2024-12-31,2024-25,1610612747,1610612739,110,122
480,2024-12-31,2024-25,1610612760,1610612750,113,105
481,2024-12-31,2024-25,1610612738,1610612761,125,71
482,2024-12-31,2024-25,1610612759,1610612746,122,86
483,2024-12-31,2024-25,1610612754,1610612749,112,120
484,2024-12-31,2024-25,1610612756,1610612763,112,117
485,2025-01-01,2024-25,1610612748,1610612740,119,108
486,2025-01-01,2024-25,1610612745,1610612742,110,99
487,2025-01-01,2024-25,1610612761,1610612751,130,113
488,2025-01-01,2024-25,1610612765,1610612753,105,96
489,2025-01-01,2024-25,1610612758,1610612755,113,107
490,2025-01-01,2024-25,1610612764,1610612741,125,107
491,2025-01-01,2024-25,1610612743,1610612737,139,120
492,2025-01-01,2024-25,1610612752,1610612762,119,103
493,2025-01-02,2024-25,1610612744,1610612755,139,105
494,2025-01-02,2024-25,1610612760,1610612746,116,98
495,2025-01-02,2024-25,1610612748,1610612754,115,128
496,2025-01-02,2024-25,1610612749,1610612751,110,113
497,2025-01-02,2024-25,1610612750,1610612738,115,118
498,2025-01-02,2024-25,1610612747,1610612757,114,106
499,2025-01-03,2024-25,1610612747,1610612737,119,102
500,2025-01-03,2024-25,1610612745,1610612738,86,109
501,2025-01-03,2024-25,1610612742,1610612739,122,134
502,2025-01-03,2024-25,1610612743,1610612759,110,113
503,2025-01-03,2024-25,1610612760,1610612752,117,107
504,2025-01-03,2024-25,1610612758,1610612763,138,133
505,2025-01-03,2024-25,1610612740,1610612764,132,120
506,2025-01-03,2024-25,1610612761,1610612753,97,106
507,2025-01-03,2024-25,1610612765,1610612766,98,94
508,2025-01-04,2024-25,1610612759,1610612743,111,122
509,2025-01-04,2024-25,1610612746,1610612737,131,105
510,2025-01-04,2024-25,1610612765,1610612750,119,105
511,2025-01-04,2024-25,1610612741,1610612752,139,126
512,2025-01-04,2024-25,1610612754,1610612756,126,108
513,2025-01-04,2024-25,1610612749,1610612757,102,105
514,2025-01-04,2024-25,1610612744,1610612763,121,113
515,2025-01-04,2024-25,1610612748,1610612762,100,136
516,2025-01-04,2024-25,1610612751,1610612755,94,123
517,2025-01-05,2024-25,1610612764,1610612740,98,110
518,2025-01-05,2024-25,1610612744,1610612758,99,129
519,2025-01-05,2024-25,1610612745,1610612747,119,115
520,2025-01-05,2024-25,1610612753,1610612762,92,105
521,2025-01-05,2024-25,1610612760,1610612738,105,92
522,2025-01-05,2024-25,1610612739,1610612766,115,105
523,2025-01-06,2024-25,1610612741,1610612759,114,110
524,2025-01-06,2024-25,1610612750,1610612746,108,106
525,2025-01-06,2024-25,1610612752,1610612753,94,103
526,2025-01-06,2024-25,1610612751,1610612754,99,113
527,2025-01-06,2024-25,1610612755,1610612756,99,109
528,2025-01-06,2024-25,1610612763,1610612742,119,104
529,2025-01-06,2024-25,1610612758,1610612748,123,118
530,2025-01-06,2024-25,1610612761,1610612749,104,128
531,2025-01-06,2024-25,1610612765,1610612757,118,115
532,2025-01-07,2024-25,1610612764,1610612745,112,135
533,2025-01-07,2024-25,1610612742,1610612747,118,97
534,2025-01-07,2024-25,1610612766,1610612756,115,104
535,2025-01-07,2024-25,1610612762,1610612737,121,124
536,2025-01-07,2024-25,1610612743,1610612738,106,118
537,2025-01-07,2024-25,1610612740,1610612750,97,104
538,2025-01-07,2024-25,1610612744,1610612748,98,114
539,2025-01-08,2024-25,1610612754,1610612741,129,113
540,2025-01-08,2024-25,1610612743,1610612746,126,103
541,2025-01-08,2024-25,1610612749,1610612759,121,105
542,2025-01-08,2024-25,1610612752,1610612761,112,98
543,2025-01-08,2024-25,1610612739,1610612760,129,122
544,2025-01-08,2024-25,1610612755,1610612764,109,103
545,2025-01-08,2024-25,1610612751,1610612765,98,113
546,2025-01-08,2024-25,1610612740,1610612757,100,119
547,2025-01-09,2024-25,1610612739,1610612761,132,126
548,2025-01-09,2024-25,1610612742,1610612757,117,111
549,2025-01-09,2024-25,1610612763,1610612745,115,119
550,2025-01-09,2024-25,1610612753,1610612750,89,104
551,2025-01-09,2024-25,1610612762,1610612748,92,97
552,2025-01-09,2024-25,1610612765,1610612744,104,107
553,2025-01-09,2024-25,1610612756,1610612737,123,115
554,2025-01-10,2024-25,1610612741,1610612764,138,105
555,2025-01-10,2024-25,1610612752,1610612760,101,126
556,2025-01-10,2024-25,1610612753,1610612749,106,109
557,2025-01-10,2024-25,1610612754,1610612744,108,96
558,2025-01-10,2024-25,1610612755,1610612740,115,123
559,2025-01-10,2024-25,1610612738,1610612758,97,114
560,2025-01-10,2024-25,1610612743,1610612751,124,105
561,2025-01-11,2024-25,1610612750,1610612763,125,127
562,2025-01-11,2024-25,1610612765,1610612761,123,114
563,2025-01-11,2024-25,1610612757,1610612748,98,119
564,2025-01-11,2024-25,1610612756,1610612762,114,106
565,2025-01-12,2024-25,1610612739,1610612754,93,108
566,2025-01-12,2024-25,1610612738,1610612740,120,119
567,2025-01-12,2024-25,1610612741,1610612758,119,124
568,2025-01-12,2024-25,1610612742,1610612743,101,112
569,2025-01-12,2024-25,1610612752,1610612749,140,106
570,2025-01-12,2024-25,1610612753,1610612755,104,99
571,2025-01-12,2024-25,1610612756,1610612766,120,113
572,2025-01-12,2024-25,1610612764,1610612760,95,136
573,2025-01-12,2024-25,1610612762,1610612751,112,111
574,2025-01-13,2024-25,1610612745,1610612763,120,118
575,2025-01-13,2024-25,1610612747,1610612759,102,126
576,2025-01-13,2024-25,1610612746,1610612748,109,98
577,2025-01-13,2024-25,1610612752,1610612765,119,124
578,2025-01-13,2024-25,1610612761,1610612744,104,101
579,2025-01-13,2024-25,1610612764,1610612750,106,120
580,2025-01-14,2024-25,1610612754,1610612739,117,127
581,2025-01-14,2024-25,1610612741,1610612740,113,119
582,2025-01-14,2024-25,1610612742,1610612743,99,118
583,2025-01-14,2024-25,1610612757,1610612751,114,132
584,2025-01-14,2024-25,1610612755,1610612760,102,118
585,2025-01-14,2024-25,1610612749,1610612758,130,115
586,2025-01-14,2024-25,1610612737,1610612756,122,117
587,2025-01-15,2024-25,1610612741,1610612737,94,110
588,2025-01-15,2024-25,1610612740,1610612742,119,116
589,2025-01-15,2024-25,1610612743,1610612745,108,128
590,2025-01-15,2024-25,1610612750,1610612744,115,116
591,2025-01-15,2024-25,1610612746,1610612751,126,67
592,2025-01-15,2024-25,1610612747,1610612748,117,108
593,2025-01-15,2024-25,1610612755,1610612752,119,125
594,2025-01-15,2024-25,1610612759,1610612763,115,129
595,2025-01-15,2024-25,1610612761,1610612738,110,97
596,2025-01-15,2024-25,1610612749,1610612753,122,93
597,2025-01-15,2024-25,1610612762,1610612766,112,117
598,2025-01-16,2024-25,1610612758,1610612745,132,127
599,2025-01-16,2024-25,1610612765,1610612754,100,111
600,2025-01-16,2024-25,1610612764,1610612756,123,130
601,2025-01-16,2024-25,1610612757,1610612746,89,118
602,2025-01-16,2024-25,1610612760,1610612739,134,114
603,2025-01-17,2024-25,1610612741,1610612766,123,125
604,2025-01-17,2024-25,1610612742,1610612760,106,98
605,2025-01-17,2024-25,1610612748,1610612743,113,133
606,2025-01-17,2024-25,1610612749,1610612761,130,112
607,2025-01-17,2024-25,1610612752,1610612750,99,116
608,2025-01-17,2024-25,1610612738,1610612753,121,94
609,2025-01-17,2024-25,1610612740,1610612762,136,123
610,2025-01-17,2024-25,1610612747,1610612751,102,101
611,2025-01-17,2024-25,1610612759,1610612763,112,140
612,2025-01-18,2024-25,1610612738,1610612737,115,119
613,2025-01-18,2024-25,1610612754,1610612755,115,102
614,2025-01-18,2024-25,1610612765,1610612756,121,125
615,2025-01-18,2024-25,1610612744,1610612764,122,114
616,2025-01-18,2024-25,1610612750,1610612739,117,124
617,2025-01-18,2024-25,1610612757,1610612745,103,125
618,2025-01-19,2024-25,1610612757,1610612741,113,102
619,2025-01-19,2024-25,1610612753,1610612743,100,113
620,2025-01-19,2024-25,1610612746,1610612747,116,102
621,2025-01-19,2024-25,1610612749,1610612755,123,109
622,2025-01-19,2024-25,1610612758,1610612764,123,100
623,2025-01-19,2024-25,1610612760,1610612751,127,101
624,2025-01-19,2024-25,1610612748,1610612759,128,107
625,2025-01-20,2024-25,1610612752,1610612737,119,110
626,2025-01-20,2024-25,1610612740,1610612762,123,119
627,2025-01-20,2024-25,1610612746,1610612741,99,112
628,2025-01-20,2024-25,1610612766,1610612742,110,105
629,2025-01-20,2024-25,1610612745,1610612765,96,107
630,2025-01-20,2024-25,1610612744,1610612738,85,125
631,2025-01-20,2024-25,1610612739,1610612756,118,92
632,2025-01-20,2024-25,1610612763,1610612750,108,106
633,2025-01-21,2024-25,1610612747,1610612764,111,88
634,2025-01-21,2024-25,1610612748,1610612757,107,116
635,2025-01-21,2024-25,1610612751,1610612752,95,99
636,2025-01-21,2024-25,1610612761,1610612753,109,93
637,2025-01-21,2024-25,1610612743,1610612755,144,109
638,2025-01-22,2024-25,1610612737,1610612765,104,114
639,2025-01-22,2024-25,1610612745,1610612739,109,108
640,2025-01-22,2024-25,1610612758,1610612744,123,117
641,2025-01-22,2024-25,1610612746,1610612738,113,117
642,2025-01-22,2024-25,1610612742,1610612750,114,115
643,2025-01-22,2024-25,1610612760,1610612762,123,114
644,2025-01-22,2024-25,1610612763,1610612766,132,120
645,2025-01-22,2024-25,1610612751,1610612756,84,108
646,2025-01-23,2024-25,1610612737,1610612761,119,122
647,2025-01-23,2024-25,1610612760,1610612742,115,121
648,2025-01-23,2024-25,1610612743,1610612758,132,123
649,2025-01-23,2024-25,1610612746,1610612764,110,93
650,2025-01-23,2024-25,1610612749,1610612748,125,96
651,2025-01-23,2024-25,1610612753,1610612757,79,101
653,2025-01-23,2024-25,1610612747,1610612738,117,96
654,2025-01-23,2024-25,1610612744,1610612741,131,106
655,2025-01-24,2024-25,1610612763,1610612740,139,126
656,2025-01-24,2024-25,1610612766,1610612757,97,102
657,2025-01-24,2024-25,1610612755,1610612739,132,129
658,2025-01-25,2024-25,1610612739,1610612745,131,135
659,2025-01-25,2024-25,1610612766,1610612740,123,92
660,2025-01-25,2024-25,1610612744,1610612747,108,118
661,2025-01-25,2024-25,1610612750,1610612743,133,104
662,2025-01-25,2024-25,1610612751,1610612748,97,106
663,2025-01-25,2024-25,1610612753,1610612765,121,113
665,2025-01-25,2024-25,1610612756,1610612764,119,109
666,2025-01-25,2024-25,1610612752,1610612758,143,120
667,2025-01-25,2024-25,1610612737,1610612761,94,117
668,2025-01-25,2024-25,1610612763,1610612762,125,103
669,2025-01-25,2024-25,1610612742,1610612738,107,122
670,2025-01-25,2024-25,1610612741,1610612755,97,109
671,2025-01-25,2024-25,1610612746,1610612749,127,117
672,2025-01-26,2024-25,1610612757,1610612760,108,118
673,2025-01-27,2024-25,1610612750,1610612737,100,92
674,2025-01-27,2024-25,1610612738,1610612745,112,114
675,2025-01-27,2024-25,1610612741,1610612743,129,121
676,2025-01-27,2024-25,1610612742,1610612764,130,108
677,2025-01-27,2024-25,1610612756,1610612746,111,109
678,2025-01-27,2024-25,1610612762,1610612749,110,125
679,2025-01-27,2024-25,1610612752,1610612763,143,106
680,2025-01-27,2024-25,1610612751,1610612758,96,110
681,2025-01-27,2024-25,1610612761,1610612740,113,104
682,2025-01-27,2024-25,1610612739,1610612765,110,91
683,2025-01-27,2024-25,1610612766,1610612747,107,112
684,2025-01-27,2024-25,1610612748,1610612753,125,119
685,2025-01-28,2024-25,1610612737,1610612745,96,100
686,2025-01-28,2024-25,1610612755,1610612747,118,104
687,2025-01-28,2024-25,1610612757,1610612749,125,112
688,2025-01-28,2024-25,1610612744,1610612762,114,103
689,2025-01-29,2024-25,1610612738,1610612741,122,100
690,2025-01-29,2024-25,1610612756,1610612750,113,121
691,2025-01-29,2024-25,1610612766,1610612751,83,104
692,2025-01-29,2024-25,1610612755,1610612758,117,104
693,2025-01-29,2024-25,1610612759,1610612746,116,128
694,2025-01-29,2024-25,1610612744,1610612760,116,109
695,2025-01-29,2024-25,1610612764,1610612761,82,106
696,2025-01-29,2024-25,1610612748,1610612739,106,126
697,2025-01-29,2024-25,1610612740,1610612742,136,137
698,2025-01-29,2024-25,1610612752,1610612743,122,112
699,2025-01-29,2024-25,1610612754,1610612765,133,119
700,2025-01-30,2024-25,1610612739,1610612737,137,115
701,2025-01-30,2024-25,1610612763,1610612745,120,119
702,2025-01-30,2024-25,1610612764,1610612747,96,134
703,2025-01-30,2024-25,1610612762,1610612750,113,138
704,2025-01-30,2024-25,1610612757,1610612753,119,90
705,2025-01-31,2024-25,1610612740,1610612738,116,118
706,2025-01-31,2024-25,1610612761,1610612741,106,122
707,2025-01-31,2024-25,1610612765,1610612742,117,102
708,2025-01-31,2024-25,1610612744,1610612756,105,130
709,2025-01-31,2024-25,1610612759,1610612749,144,118
710,2025-01-31,2024-25,1610612755,1610612743,134,137
711,2025-01-31,2024-25,1610612766,1610612746,104,112
712,2025-02-01,2024-25,1610612745,1610612751,98,110
713,2025-02-01,2024-25,1610612750,1610612764,103,105
714,2025-02-01,2024-25,1610612762,1610612753,113,99
715,2025-02-01,2024-25,1610612759,1610612748,103,105
716,2025-02-01,2024-25,1610612766,1610612743,104,107
717,2025-02-01,2024-25,1610612754,1610612737,132,127
718,2025-02-01,2024-25,1610612757,1610612756,127,108
719,2025-02-01,2024-25,1610612760,1610612758,144,110
720,2025-02-01,2024-25,1610612752,1610612747,112,128
721,2025-02-02,2024-25,1610612739,1610612742,144,101
722,2025-02-02,2024-25,1610612761,1610612746,115,108
723,2025-02-02,2024-25,1610612765,1610612741,127,119
724,2025-02-02,2024-25,1610612755,1610612738,110,118
725,2025-02-02,2024-25,1610612749,1610612763,119,132
726,2025-02-03,2024-25,1610612743,1610612740,125,113
727,2025-02-03,2024-25,1610612744,1610612753,104,99
728,2025-02-03,2024-25,1610612752,1610612745,124,118
729,2025-02-03,2024-25,1610612762,1610612754,111,112
730,2025-02-03,2024-25,1610612757,1610612756,121,119
731,2025-02-03,2024-25,1610612763,1610612759,128,109
732,2025-02-03,2024-25,1610612766,1610612764,114,124
733,2025-02-03,2024-25,1610612765,1610612737,130,132
734,2025-02-03,2024-25,1610612750,1610612758,114,116
735,2025-02-03,2024-25,1610612760,1610612749,125,96
736,2025-02-04,2024-25,1610612739,1610612738,105,112
737,2025-02-04,2024-25,1610612741,1610612748,133,124
738,2025-02-04,2024-25,1610612751,1610612745,99,97
739,2025-02-04,2024-25,1610612755,1610612742,118,116
740,2025-02-04,2024-25,1610612757,1610612754,112,89
741,2025-02-04,2024-25,1610612761,1610612752,115,121
742,2025-02-04,2024-25,1610612746,1610612747,97,122
743,2025-02-05,2024-25,1610612743,1610612740,144,119
744,2025-02-05,2024-25,1610612762,1610612744,131,128
745,2025-02-05,2024-25,1610612751,1610612764,102,119
746,2025-02-05,2024-25,1610612758,1610612753,111,130
747,2025-02-05,2024-25,1610612755,1610612748,101,108
748,2025-02-05,2024-25,1610612760,1610612756,140,109
749,2025-02-05,2024-25,1610612765,1610612739,115,118
750,2025-02-05,2024-25,1610612750,1610612741,127,108
751,2025-02-05,2024-25,1610612766,1610612749,102,112
752,2025-02-05,2024-25,1610612737,1610612759,125,126
753,2025-02-05,2024-25,1610612761,1610612763,107,138
754,2025-02-06,2024-25,1610612738,1610612742,120,127
755,2025-02-06,2024-25,1610612747,1610612744,120,112
756,2025-02-06,2024-25,1610612746,1610612754,112,119
757,2025-02-06,2024-25,1610612750,1610612745,127,114
758,2025-02-06,2024-25,1610612743,1610612753,112,90
759,2025-02-06,2024-25,1610612757,1610612758,108,102
760,2025-02-07,2024-25,1610612751,1610612748,102,86
761,2025-02-07,2024-25,1610612737,1610612749,115,110
762,2025-02-07,2024-25,1610612766,1610612759,117,116
763,2025-02-07,2024-25,1610612760,1610612761,121,109
764,2025-02-07,2024-25,1610612764,1610612739,124,134
765,2025-02-07,2024-25,1610612765,1610612755,125,112
766,2025-02-07,2024-25,1610612756,1610612762,135,127
767,2025-02-08,2024-25,1610612758,1610612740,123,118
768,2025-02-08,2024-25,1610612741,1610612744,111,132
769,2025-02-08,2024-25,1610612742,1610612745,116,105
770,2025-02-08,2024-25,1610612746,1610612762,130,110
771,2025-02-08,2024-25,1610612747,1610612754,124,117
772,2025-02-08,2024-25,1610612756,1610612743,105,122
773,2025-02-08,2024-25,1610612753,1610612759,112,111
774,2025-02-08,2024-25,1610612763,1610612760,112,125
775,2025-02-08,2024-25,1610612764,1610612737,111,125
776,2025-02-08,2024-25,1610612752,1610612738,104,131
777,2025-02-08,2024-25,1610612750,1610612757,114,98
778,2025-02-09,2024-25,1610612749,1610612755,135,127
779,2025-02-09,2024-25,1610612745,1610612761,94,87
780,2025-02-09,2024-25,1610612765,1610612766,112,102
781,2025-02-10,2024-25,1610612753,1610612737,106,112
782,2025-02-10,2024-25,1610612748,1610612738,85,103
783,2025-02-10,2024-25,1610612739,1610612750,128,107
784,2025-02-10,2024-25,1610612742,1610612758,128,129
785,2025-02-10,2024-25,1610612743,1610612757,146,117
786,2025-02-10,2024-25,1610612749,1610612744,111,125
787,2025-02-10,2024-25,1610612760,1610612740,137,101
788,2025-02-10,2024-25,1610612751,1610612766,97,89
789,2025-02-10,2024-25,1610612747,1610612762,132,113
790,2025-02-10,2024-25,1610612764,1610612759,121,131
791,2025-02-11,2024-25,1610612754,1610612752,115,128
792,2025-02-11,2024-25,1610612756,1610612763,112,119
793,2025-02-11,2024-25,1610612755,1610612761,103,106
794,2025-02-11,2024-25,1610612741,1610612765,92,132
795,2025-02-12,2024-25,1610612738,1610612759,116,103
796,2025-02-12,2024-25,1610612761,1610612739,108,131
797,2025-02-12,2024-25,1610612741,1610612765,110,128
798,2025-02-12,2024-25,1610612742,1610612744,111,107
799,2025-02-12,2024-25,1610612745,1610612756,119,111
800,2025-02-12,2024-25,1610612750,1610612749,101,103
801,2025-02-12,2024-25,1610612751,1610612755,100,96
802,2025-02-12,2024-25,1610612752,1610612737,149,148
803,2025-02-12,2024-25,1610612753,1610612766,102,86
804,2025-02-12,2024-25,1610612740,1610612758,111,119
805,2025-02-12,2024-25,1610612760,1610612748,115,101
806,2025-02-12,2024-25,1610612746,1610612763,128,114
807,2025-02-12,2024-25,1610612762,1610612747,131,119
808,2025-02-12,2024-25,1610612764,1610612754,130,134
809,2025-02-12,2024-25,1610612743,1610612757,132,121
810,2025-02-13,2024-25,1610612740,1610612758,140,133
811,2025-02-13,2024-25,1610612742,1610612748,118,113
812,2025-02-13,2024-25,1610612745,1610612744,98,105
813,2025-02-13,2024-25,1610612750,1610612760,116,101
814,2025-02-13,2024-25,1610612762,1610612746,116,120
815,2025-02-19,2024-25,1610612747,1610612766,97,100
816,2025-02-20,2024-25,1610612737,1610612753,108,114
817,2025-02-20,2024-25,1610612755,1610612738,104,124
818,2025-02-20,2024-25,1610612751,1610612739,97,110
819,2025-02-20,2024-25,1610612749,1610612746,116,110
820,2025-02-20,2024-25,1610612754,1610612763,127,113
821,2025-02-20,2024-25,1610612759,1610612756,120,109
822,2025-02-20,2024-25,1610612757,1610612747,102,110
823,2025-02-20,2024-25,1610612743,1610612766,129,115
824,2025-02-20,2024-25,1610612752,1610612741,113,111
825,2025-02-21,2024-25,1610612739,1610612752,142,105
826,2025-02-21,2024-25,1610612761,1610612748,111,120
827,2025-02-21,2024-25,1610612764,1610612749,101,104
828,2025-02-21,2024-25,1610612745,1610612750,121,115
829,2025-02-21,2024-25,1610612753,1610612763,104,105
830,2025-02-21,2024-25,1610612742,1610612740,111,103
831,2025-02-21,2024-25,1610612758,1610612744,108,132
832,2025-02-21,2024-25,1610612762,1610612760,107,130
833,2025-02-21,2024-25,1610612759,1610612765,110,125
834,2025-02-22,2024-25,1610612743,1610612747,100,123
835,2025-02-22,2024-25,1610612755,1610612751,103,105
836,2025-02-22,2024-25,1610612741,1610612756,117,121
837,2025-02-22,2024-25,1610612762,1610612745,124,115
838,2025-02-22,2024-25,1610612757,1610612766,141,88
839,2025-02-23,2024-25,1610612738,1610612752,118,105
840,2025-02-23,2024-25,1610612739,1610612763,129,123
841,2025-02-23,2024-25,1610612740,1610612759,114,96
842,2025-02-23,2024-25,1610612744,1610612742,126,102
843,2025-02-23,2024-25,1610612754,1610612746,129,111
844,2025-02-23,2024-25,1610612749,1610612748,120,113
845,2025-02-23,2024-25,1610612750,1610612760,123,130
846,2025-02-23,2024-25,1610612761,1610612756,127,109
847,2025-02-23,2024-25,1610612737,1610612765,143,148
848,2025-02-23,2024-25,1610612753,1610612764,110,90
849,2025-02-24,2024-25,1610612737,1610612748,98,86
850,2025-02-24,2024-25,1610612755,1610612741,110,142
851,2025-02-24,2024-25,1610612762,1610612757,112,114
852,2025-02-24,2024-25,1610612758,1610612766,130,88
853,2025-02-24,2024-25,1610612764,1610612751,107,99
854,2025-02-24,2024-25,1610612754,1610612743,116,125
855,2025-02-24,2024-25,1610612765,1610612746,106,97
856,2025-02-24,2024-25,1610612760,1610612750,128,131
857,2025-02-25,2024-25,1610612740,1610612759,109,103
858,2025-02-25,2024-25,1610612744,1610612766,128,92
859,2025-02-25,2024-25,1610612745,1610612749,100,97
860,2025-02-25,2024-25,1610612763,1610612756,151,148
861,2025-02-25,2024-25,1610612761,1610612738,101,111
862,2025-02-25,2024-25,1610612753,1610612739,82,122
863,2025-02-25,2024-25,1610612747,1610612742,107,99
864,2025-02-26,2024-25,1610612741,1610612746,117,122
865,2025-02-26,2024-25,1610612745,1610612759,118,106
866,2025-02-26,2024-25,1610612748,1610612737,131,109
867,2025-02-26,2024-25,1610612752,1610612755,110,105
868,2025-02-26,2024-25,1610612764,1610612757,121,129
869,2025-02-26,2024-25,1610612751,1610612760,121,129
870,2025-02-26,2024-25,1610612754,1610612761,111,91
871,2025-02-26,2024-25,1610612762,1610612758,101,118
872,2025-02-26,2024-25,1610612765,1610612738,117,97
873,2025-02-27,2024-25,1610612753,1610612744,115,121
874,2025-02-27,2024-25,1610612747,1610612750,111,102
875,2025-02-27,2024-25,1610612756,1610612740,116,124
876,2025-02-27,2024-25,1610612742,1610612766,103,96
877,2025-02-27,2024-25,1610612749,1610612743,121,112
878,2025-02-28,2024-25,1610612737,1610612760,119,135
879,2025-02-28,2024-25,1610612738,1610612739,116,123
880,2025-02-28,2024-25,1610612756,1610612740,125,108
881,2025-02-28,2024-25,1610612765,1610612743,119,134
882,2025-02-28,2024-25,1610612748,1610612754,125,120
883,2025-02-28,2024-25,1610612762,1610612750,117,116
884,2025-02-28,2024-25,1610612763,1610612752,113,114
885,2025-02-28,2024-25,1610612741,1610612761,125,115
886,2025-02-28,2024-25,1610612747,1610612746,106,102
887,2025-02-28,2024-25,1610612751,1610612757,102,121
888,2025-03-01,2024-25,1610612755,1610612744,126,119
889,2025-03-01,2024-25,1610612745,1610612758,103,113
890,2025-03-01,2024-25,1610612763,1610612759,128,130
891,2025-03-01,2024-25,1610612765,1610612751,115,94
892,2025-03-01,2024-25,1610612742,1610612749,117,132
893,2025-03-01,2024-25,1610612766,1610612764,100,113
894,2025-03-02,2024-25,1610612738,1610612743,110,103
895,2025-03-02,2024-25,1610612747,1610612746,108,102
896,2025-03-02,2024-25,1610612748,1610612752,112,116
897,2025-03-02,2024-25,1610612756,1610612750,98,116
898,2025-03-02,2024-25,1610612753,1610612761,102,104
899,2025-03-02,2024-25,1610612759,1610612760,132,146
900,2025-03-02,2024-25,1610612762,1610612740,121,128
901,2025-03-02,2024-25,1610612739,1610612757,133,129
902,2025-03-02,2024-25,1610612754,1610612741,127,112
903,2025-03-03,2024-25,1610612763,1610612737,130,132
904,2025-03-03,2024-25,1610612766,1610612744,101,119
905,2025-03-03,2024-25,1610612748,1610612764,106,90
906,2025-03-03,2024-25,1610612760,1610612745,137,128
907,2025-03-03,2024-25,1610612762,1610612765,106,134
908,2025-03-03,2024-25,1610612742,1610612758,98,122
909,2025-03-03,2024-25,1610612755,1610612757,102,119
910,2025-03-04,2024-25,1610612737,1610612749,121,127
911,2025-03-04,2024-25,1610612741,1610612739,117,139
912,2025-03-04,2024-25,1610612756,1610612746,119,117
913,2025-03-04,2024-25,1610612750,1610612755,126,112
914,2025-03-04,2024-25,1610612753,1610612761,113,114
915,2025-03-04,2024-25,1610612759,1610612751,127,113
916,2025-03-04,2024-25,1610612747,1610612740,136,115
917,2025-03-04,2024-25,1610612752,1610612744,102,114
918,2025-03-04,2024-25,1610612754,1610612745,115,102
919,2025-03-05,2024-25,1610612739,1610612748,112,107
920,2025-03-05,2024-25,1610612746,1610612765,123,115
921,2025-03-05,2024-25,1610612749,1610612742,137,107
922,2025-03-05,2024-25,1610612743,1610612758,116,110
923,2025-03-05,2024-25,1610612763,1610612760,103,120
924,2025-03-05,2024-25,1610612766,1610612750,110,125
925,2025-03-05,2024-25,1610612738,1610612757,128,118
926,2025-03-05,2024-25,1610612764,1610612762,125,122
927,2025-03-06,2024-25,1610612751,1610612744,119,121
928,2025-03-06,2024-25,1610612747,1610612752,113,109
929,2025-03-06,2024-25,1610612737,1610612754,124,118
930,2025-03-06,2024-25,1610612738,1610612755,123,105
931,2025-03-06,2024-25,1610612740,1610612745,97,109
932,2025-03-06,2024-25,1610612753,1610612741,123,125
933,2025-03-07,2024-25,1610612742,1610612763,111,122
934,2025-03-07,2024-25,1610612743,1610612756,149,141
935,2025-03-07,2024-25,1610612748,1610612750,104,106
936,2025-03-07,2024-25,1610612746,1610612752,105,95
937,2025-03-07,2024-25,1610612760,1610612757,107,89
938,2025-03-07,2024-25,1610612761,1610612762,118,109
939,2025-03-07,2024-25,1610612766,1610612739,117,118
940,2025-03-07,2024-25,1610612758,1610612759,127,109
941,2025-03-08,2024-25,1610612737,1610612754,120,118
942,2025-03-08,2024-25,1610612745,1610612740,146,117
943,2025-03-08,2024-25,1610612748,1610612741,109,114
944,2025-03-08,2024-25,1610612749,1610612753,109,111
945,2025-03-08,2024-25,1610612766,1610612751,105,102
946,2025-03-08,2024-25,1610612761,1610612764,117,118
947,2025-03-08,2024-25,1610612738,1610612747,111,101
948,2025-03-08,2024-25,1610612744,1610612765,115,110
949,2025-03-09,2024-25,1610612749,1610612739,100,112
950,2025-03-09,2024-25,1610612742,1610612756,116,125
951,2025-03-09,2024-25,1610612746,1610612758,111,110
952,2025-03-09,2024-25,1610612750,1610612759,141,124
953,2025-03-09,2024-25,1610612755,1610612762,126,122
954,2025-03-09,2024-25,1610612757,1610612765,112,119
955,2025-03-09,2024-25,1610612760,1610612743,127,103
956,2025-03-09,2024-25,1610612740,1610612763,104,107
957,2025-03-10,2024-25,1610612737,1610612755,132,123
958,2025-03-10,2024-25,1610612738,1610612762,114,108
959,2025-03-10,2024-25,1610612741,1610612754,121,103
960,2025-03-10,2024-25,1610612759,1610612742,129,133
961,2025-03-10,2024-25,1610612760,1610612743,127,140
962,2025-03-10,2024-25,1610612751,1610612747,111,108
963,2025-03-10,2024-25,1610612748,1610612766,102,105
964,2025-03-10,2024-25,1610612745,1610612753,97,84
965,2025-03-10,2024-25,1610612744,1610612757,130,120
966,2025-03-10,2024-25,1610612761,1610612764,119,104
967,2025-03-10,2024-25,1610612758,1610612752,104,133
968,2025-03-10,2024-25,1610612763,1610612756,120,118
969,2025-03-11,2024-25,1610612754,1610612749,115,114
970,2025-03-11,2024-25,1610612739,1610612751,109,104
971,2025-03-11,2024-25,1610612740,1610612746,127,120
972,2025-03-11,2024-25,1610612765,1610612764,123,103
973,2025-03-12,2024-25,1610612759,1610612742,126,116
974,2025-03-12,2024-25,1610612745,1610612756,111,104
975,2025-03-12,2024-25,1610612748,1610612746,104,119
976,2025-03-12,2024-25,1610612757,1610612752,113,114
977,2025-03-12,2024-25,1610612761,1610612755,118,105
978,2025-03-12,2024-25,1610612763,1610612762,122,115
979,2025-03-12,2024-25,1610612737,1610612766,123,110
980,2025-03-12,2024-25,1610612738,1610612760,112,118
981,2025-03-12,2024-25,1610612743,1610612750,95,115
982,2025-03-13,2024-25,1610612741,1610612751,116,110
983,2025-03-13,2024-25,1610612744,1610612758,130,104
984,2025-03-13,2024-25,1610612740,1610612753,93,113
985,2025-03-13,2024-25,1610612765,1610612764,125,129
986,2025-03-13,2024-25,1610612749,1610612747,126,106
987,2025-03-14,2024-25,1610612737,1610612746,98,121
988,2025-03-14,2024-25,1610612745,1610612742,133,96
989,2025-03-14,2024-25,1610612743,1610612747,131,126
990,2025-03-14,2024-25,1610612750,1610612753,118,111
991,2025-03-14,2024-25,1610612755,1610612754,100,112
992,2025-03-14,2024-25,1610612756,1610612758,122,106
993,2025-03-14,2024-25,1610612759,1610612766,134,145
994,2025-03-14,2024-25,1610612763,1610612739,124,133
995,2025-03-14,2024-25,1610612748,1610612738,91,103
996,2025-03-14,2024-25,1610612762,1610612761,118,126
997,2025-03-15,2024-25,1610612759,1610612740,119,115
998,2025-03-15,2024-25,1610612745,1610612741,117,114
999,2025-03-15,2024-25,1610612763,1610612748,125,91
1000,2025-03-15,2024-25,1610612749,1610612754,126,119
1001,2025-03-15,2024-25,1610612765,1610612760,107,113
1002,2025-03-15,2024-25,1610612743,1610612764,123,126
1003,2025-03-15,2024-25,1610612751,1610612738,113,115
1004,2025-03-15,2024-25,1610612744,1610612752,97,94
1005,2025-03-16,2024-25,1610612742,1610612755,125,130
1006,2025-03-16,2024-25,1610612746,1610612766,123,88
1007,2025-03-16,2024-25,1610612749,1610612760,105,121
1008,2025-03-16,2024-25,1610612751,1610612737,122,114
1009,2025-03-16,2024-25,1610612739,1610612753,103,108
1010,2025-03-16,2024-25,1610612747,1610612756,107,96
1011,2025-03-16,2024-25,1610612750,1610612762,128,102
1012,2025-03-16,2024-25,1610612757,1610612761,105,102
1013,2025-03-17,2024-25,1610612740,1610612765,81,127
1014,2025-03-17,2024-25,1610612744,1610612743,105,114
1015,2025-03-17,2024-25,1610612750,1610612754,130,132
1016,2025-03-17,2024-25,1610612752,1610612748,116,95
1017,2025-03-17,2024-25,1610612745,1610612755,144,137
1018,2025-03-17,2024-25,1610612756,1610612761,129,89
1019,2025-03-17,2024-25,1610612757,1610612764,112,97
1020,2025-03-17,2024-25,1610612758,1610612763,132,122
1021,2025-03-17,2024-25,1610612762,1610612741,97,111
1022,2025-03-17,2024-25,1610612747,1610612759,125,109
1023,2025-03-18,2024-25,1610612746,1610612739,132,119
1024,2025-03-18,2024-25,1610612744,1610612749,104,93
1025,2025-03-18,2024-25,1610612766,1610612737,102,134
1026,2025-03-18,2024-25,1610612738,1610612751,104,96
1027,2025-03-19,2024-25,1610612750,1610612740,115,119
1028,2025-03-19,2024-25,1610612756,1610612741,127,121
1029,2025-03-19,2024-25,1610612747,1610612743,120,108
1030,2025-03-19,2024-25,1610612748,1610612765,113,116
1031,2025-03-19,2024-25,1610612758,1610612739,123,119
1032,2025-03-19,2024-25,1610612762,1610612764,128,112
1033,2025-03-19,2024-25,1610612754,1610612742,135,131
1034,2025-03-19,2024-25,1610612753,1610612745,108,116
1035,2025-03-19,2024-25,1610612759,1610612752,120,105
1036,2025-03-19,2024-25,1610612760,1610612755,133,100
1037,2025-03-19,2024-25,1610612757,1610612763,115,99
1038,2025-03-20,2024-25,1610612747,1610612749,89,118
1039,2025-03-20,2024-25,1610612754,1610612751,105,99
1040,2025-03-20,2024-25,1610612744,1610612761,117,114
1041,2025-03-20,2024-25,1610612758,1610612741,116,128
1042,2025-03-20,2024-25,1610612766,1610612752,115,98
1043,2025-03-21,2024-25,1610612742,1610612765,123,117
1044,2025-03-21,2024-25,1610612757,1610612743,128,109
1045,2025-03-21,2024-25,1610612746,1610612763,128,108
1046,2025-03-21,2024-25,1610612759,1610612755,128,120
1047,2025-03-21,2024-25,1610612756,1610612739,123,112
1048,2025-03-21,2024-25,1610612760,1610612766,141,106
1049,2025-03-21,2024-25,1610612762,1610612738,99,121
1050,2025-03-21,2024-25,1610612764,1610612753,105,120
1051,2025-03-21,2024-25,1610612750,1610612740,134,93
1052,2025-03-21,2024-25,1610612748,1610612745,98,102
1053,2025-03-22,2024-25,1610612737,1610612744,124,115
1054,2025-03-22,2024-25,1610612747,1610612741,115,146
1055,2025-03-22,2024-25,1610612758,1610612749,108,114
1056,2025-03-22,2024-25,1610612752,1610612764,122,103
1057,2025-03-22,2024-25,1610612754,1610612751,108,103
1058,2025-03-23,2024-25,1610612762,1610612739,91,120
1059,2025-03-23,2024-25,1610612745,1610612743,111,116
1060,2025-03-23,2024-25,1610612746,1610612760,101,103
1061,2025-03-23,2024-25,1610612748,1610612766,122,105
1062,2025-03-23,2024-25,1610612737,1610612755,132,119
1063,2025-03-23,2024-25,1610612757,1610612738,116,129
1064,2025-03-23,2024-25,1610612761,1610612759,89,123
1065,2025-03-23,2024-25,1610612765,1610612740,136,130
1066,2025-03-24,2024-25,1610612740,1610612755,112,99
1067,2025-03-24,2024-25,1610612743,1610612741,119,129
1068,2025-03-24,2024-25,1610612751,1610612742,101,120
1069,2025-03-24,2024-25,1610612753,1610612747,118,106
1070,2025-03-24,2024-25,1610612756,1610612749,108,106
1071,2025-03-24,2024-25,1610612754,1610612750,119,103
1072,2025-03-24,2024-25,1610612758,1610612738,95,113
1073,2025-03-24,2024-25,1610612764,1610612761,104,112
1074,2025-03-25,2024-25,1610612745,1610612737,121,114
1075,2025-03-25,2024-25,1610612757,1610612739,111,122
1076,2025-03-25,2024-25,1610612752,1610612742,128,113
1077,2025-03-25,2024-25,1610612766,1610612753,104,111
1078,2025-03-25,2024-25,1610612748,1610612744,112,86
1079,2025-03-25,2024-25,1610612758,1610612760,105,121
1080,2025-03-25,2024-25,1610612765,1610612759,122,96
1081,2025-03-25,2024-25,1610612762,1610612763,103,140
1082,2025-03-26,2024-25,1610612743,1610612749,127,117
1083,2025-03-26,2024-25,1610612752,1610612746,113,126
1084,2025-03-26,2024-25,1610612754,1610612747,119,120
1085,2025-03-26,2024-25,1610612755,1610612764,114,119
1086,2025-03-26,2024-25,1610612756,1610612738,102,132
1087,2025-03-26,2024-25,1610612751,1610612761,86,116
1088,2025-03-27,2024-25,1610612739,1610612759,124,116
1089,2025-03-27,2024-25,1610612762,1610612745,110,121
1090,2025-03-27,2024-25,1610612741,1610612747,119,117
1091,2025-03-27,2024-25,1610612748,1610612737,122,112
1092,2025-03-27,2024-25,1610612758,1610612757,128,107
1093,2025-03-27,2024-25,1610612760,1610612763,125,104
1094,2025-03-27,2024-25,1610612764,1610612754,109,162
1095,2025-03-27,2024-25,1610612753,1610612742,92,101
1096,2025-03-28,2024-25,1610612740,1610612744,95,111
1097,2025-03-28,2024-25,1610612743,1610612762,129,93
1098,2025-03-28,2024-25,1610612751,1610612746,100,132
1099,2025-03-28,2024-25,1610612749,1610612752,107,116
1100,2025-03-28,2024-25,1610612761,1610612766,108,97
1101,2025-03-28,2024-25,1610612765,1610612739,133,122
1102,2025-03-28,2024-25,1610612750,1610612756,124,109
1103,2025-03-29,2024-25,1610612759,1610612738,111,121
1104,2025-03-29,2024-25,1610612741,1610612742,119,120
1105,2025-03-29,2024-25,1610612763,1610612747,127,134
1106,2025-03-29,2024-25,1610612755,1610612748,95,118
1107,2025-03-29,2024-25,1610612764,1610612751,112,115
1108,2025-03-29,2024-25,1610612753,1610612758,121,91
1109,2025-03-29,2024-25,1610612760,1610612754,132,111
1110,2025-03-30,2024-25,1610612739,1610612746,127,122
1111,2025-03-30,2024-25,1610612740,1610612766,98,94
1112,2025-03-30,2024-25,1610612756,1610612745,109,148
1113,2025-03-30,2024-25,1610612749,1610612737,124,145
1114,2025-03-30,2024-25,1610612752,1610612757,110,93
1115,2025-03-30,2024-25,1610612755,1610612761,109,127
1116,2025-03-30,2024-25,1610612759,1610612744,106,148
1117,2025-03-30,2024-25,1610612750,1610612765,123,104
1118,2025-03-31,2024-25,1610612760,1610612741,145,117
1119,2025-03-31,2024-25,1610612742,1610612751,109,113
1120,2025-03-31,2024-25,1610612753,1610612746,87,96
1121,2025-03-31,2024-25,1610612754,1610612758,111,109
1122,2025-03-31,2024-25,1610612766,1610612762,110,106
1123,2025-03-31,2024-25,1610612763,1610612738,103,117
1124,2025-03-31,2024-25,1610612747,1610612745,104,98
1125,2025-03-31,2024-25,1610612764,1610612748,94,120
1126,2025-04-01,2024-25,1610612737,1610612757,113,127
1127,2025-04-01,2024-25,1610612741,1610612761,137,118
1128,2025-04-01,2024-25,1610612743,1610612750,139,140
1129,2025-04-01,2024-25,1610612749,1610612756,133,123
1130,2025-04-01,2024-25,1610612752,1610612755,105,91
1131,2025-04-01,2024-25,1610612759,1610612753,105,116
1132,2025-04-01,2024-25,1610612763,1610612744,125,134
1133,2025-04-02,2024-25,1610612742,1610612737,120,118
1134,2025-04-02,2024-25,1610612738,1610612748,103,124
1135,2025-04-02,2024-25,1610612739,1610612752,124,105
1136,2025-04-02,2024-25,1610612743,1610612759,106,113
1137,2025-04-02,2024-25,1610612745,1610612762,143,105
1138,2025-04-02,2024-25,1610612746,1610612740,114,98
1139,2025-04-02,2024-25,1610612754,1610612766,119,105
1140,2025-04-02,2024-25,1610612764,1610612758,116,111
1141,2025-04-02,2024-25,1610612760,1610612765,119,103
1142,2025-04-03,2024-25,1610612751,1610612750,90,105
1143,2025-04-03,2024-25,1610612764,1610612753,97,109
1144,2025-04-03,2024-25,1610612761,1610612757,103,112
1145,2025-04-03,2024-25,1610612748,1610612763,108,110
1146,2025-04-03,2024-25,1610612747,1610612744,116,123
1147,2025-04-03,2024-25,1610612755,1610612749,113,126
1148,2025-04-04,2024-25,1610612738,1610612756,123,103
1149,2025-04-04,2024-25,1610612741,1610612757,118,113
1150,2025-04-04,2024-25,1610612744,1610612743,118,104
1151,2025-04-04,2024-25,1610612747,1610612740,124,108
1152,2025-04-04,2024-25,1610612754,1610612762,140,112
1153,2025-04-04,2024-25,1610612766,1610612758,102,125
1154,2025-04-04,2024-25,1610612761,1610612765,105,117
1155,2025-04-04,2024-25,1610612759,1610612739,113,114
1156,2025-04-04,2024-25,1610612746,1610612742,114,91
1157,2025-04-04,2024-25,1610612745,1610612760,125,111
1158,2025-04-05,2024-25,1610612737,1610612752,105,121
1159,2025-04-05,2024-25,1610612746,1610612742,135,104
1160,2025-04-05,2024-25,1610612748,1610612749,115,121
1161,2025-04-05,2024-25,1610612755,1610612750,109,114
1162,2025-04-05,2024-25,1610612765,1610612763,103,109
1163,2025-04-06,2024-25,1610612739,1610612758,113,120
1164,2025-04-06,2024-25,1610612740,1610612749,107,111
1165,2025-04-06,2024-25,1610612766,1610612741,117,131
1166,2025-04-06,2024-25,1610612760,1610612747,99,126
1167,2025-04-06,2024-25,1610612751,1610612761,109,120
1168,2025-04-06,2024-25,1610612752,1610612756,112,98
1169,2025-04-06,2024-25,1610612757,1610612759,120,109
1170,2025-04-06,2024-25,1610612737,1610612762,147,134
1171,2025-04-06,2024-25,1610612738,1610612764,124,90
1172,2025-04-06,2024-25,1610612743,1610612754,120,125
1173,2025-04-06,2024-25,1610612744,1610612745,96,106
1174,2025-04-07,2024-25,1610612748,1610612755,117,105
1175,2025-04-07,2024-25,1610612765,1610612758,117,127
1176,2025-04-08,2024-25,1610612751,1610612740,119,114
1177,2025-04-08,2024-25,1610612756,1610612744,95,133
1178,2025-04-08,2024-25,1610612753,1610612737,119,112
1179,2025-04-08,2024-25,1610612754,1610612764,104,98
1180,2025-04-08,2024-25,1610612752,1610612738,117,119
1181,2025-04-08,2024-25,1610612739,1610612741,135,113
1182,2025-04-08,2024-25,1610612746,1610612759,122,117
1183,2025-04-08,2024-25,1610612760,1610612747,136,120
1184,2025-04-08,2024-25,1610612749,1610612750,110,103
1185,2025-04-08,2024-25,1610612766,1610612763,100,124
1186,2025-04-09,2024-25,1610612741,1610612748,119,111
1187,2025-04-09,2024-25,1610612742,1610612747,97,112
1188,2025-04-09,2024-25,1610612758,1610612743,116,124
1189,2025-04-09,2024-25,1610612744,1610612759,111,114
1190,2025-04-09,2024-25,1610612746,1610612745,134,117
1191,2025-04-09,2024-25,1610612764,1610612755,103,122
1192,2025-04-09,2024-25,1610612756,1610612760,112,125
1193,2025-04-09,2024-25,1610612762,1610612757,133,126
1194,2025-04-09,2024-25,1610612753,1610612738,96,76
1195,2025-04-09,2024-25,1610612761,1610612766,126,96
1196,2025-04-10,2024-25,1610612751,1610612737,109,133
1197,2025-04-10,2024-25,1610612754,1610612739,114,112
1198,2025-04-10,2024-25,1610612749,1610612740,136,111
1199,2025-04-10,2024-25,1610612763,1610612750,125,141
1200,2025-04-10,2024-25,1610612765,1610612752,115,106
1201,2025-04-11,2024-25,1610612755,1610612737,110,124
1202,2025-04-11,2024-25,1610612740,1610612748,104,153
1203,2025-04-11,2024-25,1610612741,1610612764,119,89
1204,2025-04-11,2024-25,1610612742,1610612761,124,102
1205,2025-04-11,2024-25,1610612743,1610612763,117,109
1206,2025-04-11,2024-25,1610612757,1610612744,86,103
1207,2025-04-11,2024-25,1610612765,1610612749,119,125
1208,2025-04-11,2024-25,1610612754,1610612753,115,129
1209,2025-04-11,2024-25,1610612758,1610612746,100,101
1210,2025-04-11,2024-25,1610612762,1610612760,111,145
1211,2025-04-11,2024-25,1610612738,1610612766,130,94
1212,2025-04-11,2024-25,1610612752,1610612739,102,108
1213,2025-04-11,2024-25,1610612747,1610612745,140,109
1214,2025-04-11,2024-25,1610612750,1610612751,117,91
1215,2025-04-11,2024-25,1610612756,1610612759,117,98
1216,2025-04-13,2024-25,1610612737,1610612753,117,105
1217,2025-04-13,2024-25,1610612739,1610612754,118,126
1218,2025-04-13,2024-25,1610612763,1610612742,132,97
1219,2025-04-13,2024-25,1610612745,1610612743,111,126
1220,2025-04-13,2024-25,1610612744,1610612746,119,124
1221,2025-04-13,2024-25,1610612748,1610612764,118,119
1222,2025-04-13,2024-25,1610612749,1610612765,140,133
1223,2025-04-13,2024-25,1610612750,1610612762,116,105
1224,2025-04-13,2024-25,1610612751,1610612752,105,113
1225,2025-04-13,2024-25,1610612755,1610612741,102,122
1226,2025-04-13,2024-25,1610612757,1610612747,109,81
1227,2025-04-13,2024-25,1610612758,1610612756,109,98
1228,2025-04-13,2024-25,1610612740,1610612760,100,115
1229,2025-04-13,2024-25,1610612759,1610612761,125,118
1230,2025-04-13,2024-25,1610612738,1610612766,93,86
